Admin ID,First Name,Last Name,Email,Age,Birthday,Password
A0,Helen,Dennis,Helen.Dennis@uwimona.edu.jm,31,1992-01-20,Nh451RzWb
A1,Sylvia,Rinaldi,Sylvia.Rinaldi@uwimona.edu.jm,35,1987-11-07,qSfc1bLT
A2,Matthew,Luzar,Matthew.Luzar@uwimona.edu.jm,37,1985-05-04,8oFWBxikslD
A3,Stephanie,Wood,Stephanie.Wood@uwimona.edu.jm,40,1982-08-08,JjINfxYm9vnVN
A4,Evelyn,Motley,Evelyn.Motley@uwimona.edu.jm,37,1985-08-25,9DxJwNyDpO
A5,Terry,Gaines,Terry.Gaines@uwimona.edu.jm,34,1988-11-04,i3qmJL7Y
A6,Charles,Harker,Charles.Harker@uwimona.edu.jm,38,1984-07-28,Rwiq2Yu57cha
A7,Lidia,Marshall,Lidia.Marshall@uwimona.edu.jm,36,1986-12-18,vcmoqE8pv
A8,Danielle,Mauney,Danielle.Mauney@uwimona.edu.jm,37,1985-11-16,vmXzy54iaa
A9,Jennie,Busby,Jennie.Busby@uwimona.edu.jm,31,1992-03-21,ev5o4zz6purB5k
A10,Joshua,Cosby,Joshua.Cosby@uwimona.edu.jm,30,1992-10-31,o4xjJS4GU
A11,Michael,Mook,Michael.Mook@uwimona.edu.jm,40,1982-09-06,eOw2SWsO3XYWJN
A12,Micheal,Martinez,Micheal.Martinez@uwimona.edu.jm,34,1989-02-01,J1YRci2KM2WeN
A13,Pamela,Perez,Pamela.Perez@uwimona.edu.jm,33,1989-12-20,XHG7mn0Dp
A14,Donna,Wilson,Donna.Wilson@uwimona.edu.jm,30,1992-04-20,OuCRDBcJcIkG3t
A15,Sharon,Montford,Sharon.Montford@uwimona.edu.jm,31,1991-10-03,l5SvYblt0AJrJ
A16,John,Sterrett,John.Sterrett@uwimona.edu.jm,40,1982-08-23,ihc5YI0tigvonwU
A17,Rowena,Carlson,Rowena.Carlson@uwimona.edu.jm,33,1990-01-22,AJ5ZCqBk5fA
A18,Noelle,Timmons,Noelle.Timmons@uwimona.edu.jm,36,1987-02-19,3iYHVVjH
A19,Juanita,Peacock,Juanita.Peacock@uwimona.edu.jm,31,1991-11-30,GjieIXJRCHa
