Lecturer ID,First Name,Last Name,Email,Age,Birthday,Password
L0,Larae,Dawson,Larae.Dawson@uwimona.edu.jm,38,1984-06-15,BPiiQbayIz
L1,Robert,Rozmus,Robert.Rozmus@uwimona.edu.jm,35,1987-07-23,947myeNfYN
L2,Ruby,Reyes,Ruby.Reyes@uwimona.edu.jm,38,1984-09-15,eXb4TVd3
L3,Mary,Gordon,Mary.Gordon@uwimona.edu.jm,33,1990-03-16,8HJx3vyKZNVOw
L4,Donna,Lynch,Donna.Lynch@uwimona.edu.jm,35,1988-03-17,ktDZE4UGxW
L5,Barbara,Muller,Barbara.Muller@uwimona.edu.jm,33,1990-04-04,tGUYhYr8XS94s
L6,Mattie,Miles,Mattie.Miles@uwimona.edu.jm,32,1991-01-08,zZeQQssE
L7,Maria,Williams,Maria.Williams@uwimona.edu.jm,34,1989-02-19,KN36boPS
L8,Byron,Mcclean,Byron.Mcclean@uwimona.edu.jm,32,1990-05-18,adTgXVnp
L9,Everett,Glinski,Everett.Glinski@uwimona.edu.jm,39,1984-04-09,9oc1u1tK61Wg
L10,Todd,Chavez,Todd.Chavez@uwimona.edu.jm,34,1988-10-29,d8urqVE5j
L11,William,Gauthier,William.Gauthier@uwimona.edu.jm,34,1988-07-21,u0DaDyAV
L12,Merlin,Newark,Merlin.Newark@uwimona.edu.jm,30,1992-06-03,6ccEb1dVPH4n
L13,Michael,Herman,Michael.Herman@uwimona.edu.jm,37,1986-02-04,y1OdevzyNkbzScJ
L14,Peter,Rowan,Peter.Rowan@uwimona.edu.jm,39,1984-01-09,DubnWObwDRuL
L15,Bruce,Raitz,Bruce.Raitz@uwimona.edu.jm,30,1993-03-10,QYBroyd3TMWh
L16,Dorothy,Sandow,Dorothy.Sandow@uwimona.edu.jm,30,1993-04-20,b6hNVwYxP0DvwsT
L17,Robert,Restivo,Robert.Restivo@uwimona.edu.jm,34,1988-05-21,X1gUPBew
L18,Louis,Giacomini,Louis.Giacomini@uwimona.edu.jm,37,1986-02-19,d6dWDONegcdpNs
L19,Maurita,Gossard,Maurita.Gossard@uwimona.edu.jm,33,1989-09-29,5sWFxQVft7Ip
L20,Martha,Arnett,Martha.Arnett@uwimona.edu.jm,37,1986-03-12,9BoWbf9u1gLKr
L21,Donald,Elam,Donald.Elam@uwimona.edu.jm,30,1993-02-15,an3Pj9Tj
L22,Elizabeth,Curtis,Elizabeth.Curtis@uwimona.edu.jm,32,1990-12-24,FdbPCdY9vCbm9Q9
L23,Edward,Woolever,Edward.Woolever@uwimona.edu.jm,40,1982-09-30,wVzKSmkReBWYgMgA
L24,Charles,Leblanc,Charles.Leblanc@uwimona.edu.jm,33,1990-02-16,XpVK1SfIJ3Njg
L25,Michelle,Hairston,Michelle.Hairston@uwimona.edu.jm,31,1992-01-21,wUYrUh3AS2
L26,Mark,Owens,Mark.Owens@uwimona.edu.jm,36,1986-12-18,vsxCULR5cFa
L27,Sandra,Bourgeois,Sandra.Bourgeois@uwimona.edu.jm,37,1985-07-29,Pd9OOyyqw9UPYe
L28,Mark,Law,Mark.Law@uwimona.edu.jm,38,1984-12-14,QKt2ZuuV870TT
L29,Lilly,Monteagudo,Lilly.Monteagudo@uwimona.edu.jm,33,1989-09-21,zf6LHcN5gbF6r
L30,Myrtle,Waldman,Myrtle.Waldman@uwimona.edu.jm,39,1983-11-03,9mebB5Oqa0XJ
L31,Nicole,Walton,Nicole.Walton@uwimona.edu.jm,40,1982-12-11,bwi58CrP
L32,Melissa,Vincent,Melissa.Vincent@uwimona.edu.jm,39,1983-08-21,7HhXuDAKBcpTzm
L33,Hector,Long,Hector.Long@uwimona.edu.jm,35,1987-05-03,KIwBVUDsf53qJiY
L34,Ashley,Dawson,Ashley.Dawson@uwimona.edu.jm,40,1982-12-08,OcTcNixDhBB
L35,Larry,Peake,Larry.Peake@uwimona.edu.jm,38,1985-04-24,BTqJzco8i
L36,George,Jennings,George.Jennings@uwimona.edu.jm,39,1983-05-26,llGaxr6trY81e
L37,Kayla,Green,Kayla.Green@uwimona.edu.jm,36,1986-10-17,MvsTlg3tNa
L38,Ruth,Krings,Ruth.Krings@uwimona.edu.jm,35,1987-10-28,XQDb1Jl3WS3qgjG
L39,Nicholas,Evans,Nicholas.Evans@uwimona.edu.jm,38,1984-08-28,xyZnKv7K49Ccqiug
L40,Werner,Linton,Werner.Linton@uwimona.edu.jm,34,1989-03-13,WpWiiLm9zRC
L41,Jeffrey,Douglas,Jeffrey.Douglas@uwimona.edu.jm,30,1993-01-09,yLTkgFk4
L42,Porfirio,Shaffer,Porfirio.Shaffer@uwimona.edu.jm,33,1989-11-29,RyuyE9IeZXVxAqZd
L43,Jessie,Choy,Jessie.Choy@uwimona.edu.jm,35,1988-04-05,ICLVAaMVXmmj7E
L44,Nanette,Palma,Nanette.Palma@uwimona.edu.jm,37,1985-12-16,NpUt8vPQLko
L45,Barbara,Litten,Barbara.Litten@uwimona.edu.jm,36,1986-09-06,Whuj8pK48oDci
L46,Ronnie,Miller,Ronnie.Miller@uwimona.edu.jm,40,1982-08-02,avlIKKEM509zWo
L47,Marguerite,Wallace,Marguerite.Wallace@uwimona.edu.jm,35,1988-03-03,jNrLJkt4FtUSZy
L48,Walter,Brock,Walter.Brock@uwimona.edu.jm,38,1985-04-22,KmbB5QH1G
L49,Kimberly,Turner,Kimberly.Turner@uwimona.edu.jm,31,1991-09-06,Ac9E1l8bVC
L50,Mark,Shinoda,Mark.Shinoda@uwimona.edu.jm,34,1989-03-16,rdcI1nk4PuoYm
L51,Judith,Amend,Judith.Amend@uwimona.edu.jm,30,1992-06-26,7MvE7kHdtJrh0r
L52,Mark,Ramsey,Mark.Ramsey@uwimona.edu.jm,31,1991-08-18,1bSIsOJxVAnw8mA
L53,Alison,Williams,Alison.Williams@uwimona.edu.jm,38,1985-03-31,nMvMx6OI
L54,Maria,Fisher,Maria.Fisher@uwimona.edu.jm,35,1987-05-02,REhZ1Rkd
L55,Dianne,Fiorini,Dianne.Fiorini@uwimona.edu.jm,30,1992-12-25,9JuXezPF
L56,Michael,Zecca,Michael.Zecca@uwimona.edu.jm,38,1984-11-20,iuKgBG19y
L57,Doris,Perez,Doris.Perez@uwimona.edu.jm,31,1991-09-09,wbssjEig
L58,Harold,Passarelli,Harold.Passarelli@uwimona.edu.jm,39,1983-06-11,GrkfDQwLaTRF9aS
L59,Paul,Melin,Paul.Melin@uwimona.edu.jm,32,1991-03-04,Yxp6cJ5zLhEWuW
